官译_区名,你的翻译_区名
巴洛亩地,东江区
贝德福德亩地,东湖新区
山毛榉亩地,东湾街道
山毛榉木亩地,东岭镇
桦木亩地,东山乡
鸟歌亩地,东河社区
黑木亩地,东泉片区
石楠木亩地,东港园区
明水亩地,东洲开发区
樱桃亩地,东城工业园区
栗树亩地,东关商务区
柯立芝亩地,东坪居住区
安逸亩地,东岗科技园
爱默生亩地,东亭生态区
万年青亩地,东园示范区
锦绣亩地,东庄区
富兰克林亩地,东村新区
格林亩地,东埠街道
哈密尔顿亩地,东堡镇
霍桑亩地,东坡乡
高地亩地,东滩社区
山坡亩地,东塔片区
常春藤亩地,东林园区
国王亩地,东台开发区
月桂亩地,东坊工业园区
丁香亩地,东驿商务区
椴树亩地,东塘居住区
庄园亩地,东谷科技园
枫树亩地,东巷生态区
草甸亩地,东门示范区
桑树亩地,东堤区
橄榄亩地,东岸新区
公园亩地,东口街道
珍珠亩地,东洞镇
松树亩地,东塬乡
松木亩地,西江社区
报春花亩地,西湖片区
鸦林亩地,西湾园区
红木亩地,西岭开发区
春日亩地,西山工业园区
云杉亩地,西河商务区
斯特林亩地,西泉居住区
日落亩地,西港科技园
桑顿亩地,西洲生态区
山下亩地,西城示范区
峡谷亩地,西关区
胡桃木亩地,西坪新区
柳树亩地,西岗街道
船锚断崖,西亭镇
弓手断崖,西园乡
山杨断崖,西庄社区
秋日断崖,西村片区
巴洛断崖,西埠园区
贝德福德断崖,西堡开发区
山毛榉木断崖,西坡工业园区
贝尔蒙特断崖,西滩商务区
桦木断崖,西塔居住区
鸟歌断崖,西林科技园
野蔷薇断崖,西台生态区
石楠木断崖,西坊示范区
明水断崖,西驿区
雪松断崖,西塘新区
栗树断崖,西谷街道
柯立芝断崖,西巷镇
和睦断崖,西门乡
库珀断崖,西堤社区
新月断崖,西岸片区
柏树断崖,西口园区
麋鹿断崖,西洞开发区
万年青断崖,西塬工业园区
锦绣断崖,南江商务区
霍桑断崖,南湖居住区
椴树断崖,南湾科技园
庄园断崖,南岭生态区
磨坊断崖,南山示范区
报春花断崖,南河区
红木断崖,南泉新区
朝阳断崖,南港街道
日落断崖,南洲镇
黑木断崖,南城乡
艾伯盖特小河,南关社区
巴洛小河,南坪片区
鸟歌小河,南岗园区
明水小河,南亭开发区
小溪小河,南园工业园区
柯立芝小河,南庄商务区
和睦小河,南村居住区
库珀小河,南埠科技园
林地小河,南堡生态区
黑木小河,南坡示范区
鸦林小河,南滩区
松木小河,南塔新区
报春花小河,南林街道
山毛榉小溪,南台镇
桦木小溪,南坊乡
雪松小溪,南驿社区
樱桃小溪,南塘片区
榆树小溪,南谷园区
格林小溪,南巷开发区
树林小溪,南门工业园区
高处小溪,南堤商务区
高地小溪,南岸居住区
山坡小溪,南口科技园
麦迪逊小溪,南洞生态区
枫树小溪,南塬示范区
草甸小溪,北江区
橡树小溪,北湖新区
公园小溪,北湾街道
珍珠小溪,北岭镇
松树小溪,北山乡
春日小溪,北河社区
云杉小溪,北泉片区
日落小溪,北港园区
峡谷小溪,北洲开发区
胡桃木小溪,北城工业园区
艾伯盖特转角,北关商务区
贝德福德转角,北坪居住区
山毛榉木转角,北岗科技园
鸟歌转角,北亭生态区
石楠木转角,北园示范区
明水转角,北庄区
小溪转角,北村新区
管家转角,北埠街道
雪松转角,北堡镇
樱桃转角,北坡乡
切斯特转角,北滩社区
栗树转角,北塔片区
柯立芝转角,北林园区
和睦转角,北台开发区
库珀转角,北坊工业园区
万年青转角,北驿商务区
锦绣转角,北塘居住区
花环转角,北谷科技园
霍桑转角,北巷生态区
铁杉转角,北门示范区
山坡转角,北堤区
常春藤转角,北岸新区
国王转角,北口街道
椴树转角,北洞镇
麦迪逊转角,北塬乡
磨坊转角,中江社区
摩尔转角,中湖片区
报春花转角,中湾园区
红木转角,中岭开发区
胡桃木转角,中山工业园区
柳树转角,中河商务区
日落转角,中泉居住区
日出转角,中港科技园
黑木转角,中洲生态区
山杨溪流,中城示范区
弓手溪流,中关区
山毛榉木溪流,中坪新区
鸟歌溪流,中岗街道
明水溪流,中亭镇
栗树溪流,中园乡
库珀溪流,中庄社区
黑鸟溪流,中村片区
黑木溪流,中埠园区
榆树溪流,中堡开发区
爱默生溪流,中坡工业园区
加内特溪流,中滩商务区
霍桑溪流,中塔居住区
冬青溪流,中林科技园
椴树溪流,中台生态区
麦迪逊溪流,中坊示范区
帕尔默溪流,中驿区
帕克溪流,中塘新区
松木溪流,中谷街道
报春花溪流,中巷镇
红木溪流,中门乡
谢菲尔德溪流,中堤社区
薛帕德溪流,中岸片区
斯特林溪流,中口园区
日落溪流,中洞开发区
佛蒙特溪流,中塬工业园区
维多利亚溪流,新江商务区
柳树溪流,新湖居住区
山毛榉山峰,新湾科技园
山毛榉木山峰,新岭生态区
桦木山峰,新山示范区
鸟歌山峰,新河区
黑木山峰,新泉新区
明水山峰,新港街道
广阔山峰,新洲镇
雪松山峰,新城乡
樱桃山峰,新关社区
柯立芝山峰,新坪片区
库珀山峰,新岗园区
万年青山峰,新亭开发区
锦绣山峰,新园工业园区
花环山峰,新庄商务区
格林山峰,新村居住区
树林山峰,新埠科技园
霍桑山峰,新堡生态区
高处山峰,新坡示范区
高地山峰,新滩区
山坡山峰,新塔新区
拉斐特山峰,新林街道
椴树山峰,新台镇
庄园山峰,新坊乡
枫树山峰,新驿社区
草甸山峰,新塘片区
磨坊山峰,新谷园区
月光山峰,新巷开发区
桑树山峰,新门工业园区
桃金娘山峰,新堤商务区
橡树山峰,新岸居住区
公园山峰,新口科技园
珍珠山峰,新洞生态区
松树山峰,新塬示范区
松木山峰,古江区
鸦林山峰,古湖新区
红木山峰,古湾街道
春日山峰,古岭镇
云杉山峰,古山乡
斯特林山峰,古河社区
日落山峰,古泉片区
峡谷山峰,古港园区
胡桃木山峰,古洲开发区
柳树山峰,古城工业园区
林地山峰,古关商务区
弓手路口,古坪居住区
山杨路口,古岗科技园
巴洛路口,古亭生态区
贝德福德路口,古园示范区
山毛榉路口,古庄区
山毛榉木路口,古村新区
贝尔蒙特路口,古埠街道
鸟歌路口,古堡镇
黑木路口,古坡乡
石楠木路口,古滩社区
明水路口,古塔片区
管家路口,古林园区
切斯特路口,古台开发区
柯立芝路口,古坊工业园区
库珀路口,古驿商务区
伊丽莎白路口,古塘居住区
爱默生路口,古谷科技园
万年青路口,古巷生态区
弗洛伦丝路口,古门示范区
弗雷斯特路口,古堤区
富兰克林路口,古岸新区
花环路口,古口街道
加内特路口,古洞镇
哈密尔顿路口,古塬乡
霍桑路口,清江社区
常春藤路口,清湖片区
椴树路口,清湾园区
麦迪逊路口,清岭开发区
磨坊路口,清山工业园区
桑树路口,清河商务区
公园路口,清泉居住区
松木路口,清港科技园
报春花路口,清洲生态区
鸦林路口,清城示范区
红木路口,清关区
谢菲尔德路口,清坪新区
斯特林路口,清岗街道
草莓路口,清亭镇
朝阳路口,清园乡
桑顿路口,清庄社区
佛蒙特路口,清村片区
维多利亚路口,清埠园区
柳树路口,清堡开发区
山杨溪谷,清坡工业园区
秋日溪谷,清滩商务区
巴洛溪谷,清塔居住区
贝德福德溪谷,清林科技园
山毛榉溪谷,清台生态区
山毛榉木溪谷,清坊示范区
鸟歌溪谷,清驿区
明水溪谷,清塘新区
柯立芝溪谷,清谷街道
和睦溪谷,清巷镇
库珀溪谷,清门乡
栗树溪谷,清堤社区
万年青溪谷,清岸片区
锦绣溪谷,清口园区
多雾溪谷,清洞开发区
加内特溪谷,清塬工业园区
霍桑溪谷,宁江商务区
铁杉溪谷,宁湖居住区
常春藤溪谷,宁湾科技园
椴树溪谷,宁岭生态区
麦迪逊溪谷,宁山示范区
桑树溪谷,宁河区
公园溪谷,宁泉新区
松木溪谷,宁港街道
报春花溪谷,宁洲镇
红木溪谷,宁城乡
朝阳溪谷,宁关社区
日出溪谷,宁坪片区
棕土溪谷,宁岗园区
柳树溪谷,宁亭开发区
黑木溪谷,宁园工业园区
鸦林溪谷,宁庄商务区
艾伯盖特丘陵,宁村居住区
巴洛丘陵,宁埠科技园
贝德福德丘陵,宁堡生态区
山毛榉木丘陵,宁坡示范区
鸟歌丘陵,宁滩区
黑木丘陵,宁塔新区
野蔷薇丘陵,宁林街道
石楠木丘陵,宁台镇
明水丘陵,宁坊乡
栗树丘陵,宁驿社区
柯立芝丘陵,宁塘片区
库珀丘陵,宁谷园区
水仙丘陵,宁巷开发区
爱默生丘陵,宁门工业园区
万年青丘陵,宁堤商务区
锦绣丘陵,宁岸居住区
富兰克林丘陵,宁口科技园
花环丘陵,宁洞生态区
霍桑丘陵,宁塬示范区
冬青丘陵,安江区
椴树丘陵,安湖新区
磨坊丘陵,安湾街道
月光丘陵,安岭镇
桑树丘陵,安山乡
桃金娘丘陵,安河社区
松木丘陵,安泉片区
报春花丘陵,安港园区
鸦林丘陵,安洲开发区
红木丘陵,安城工业园区
谢菲尔德丘陵,安关商务区
斯特林丘陵,安坪居住区
草莓丘陵,安岗科技园
朝阳丘陵,安亭生态区
梧桐丘陵,安园示范区
桑顿丘陵,安庄区
柳树丘陵,安村新区
船锚边缘,安埠街道
山杨边缘,安堡镇
巴洛边缘,安坡乡
贝德福德边缘,安滩社区
山毛榉边缘,安塔片区
山毛榉木边缘,安林园区
桦木边缘,安台开发区
鸟歌边缘,安坊工业园区
黑木边缘,安驿商务区
野蔷薇边缘,安塘居住区
石楠木边缘,安谷科技园
明水边缘,安巷生态区
广阔边缘,安门示范区
小溪边缘,安堤区
管家边缘,安岸新区
切斯特边缘,安口街道
栗树边缘,安洞镇
柯立芝边缘,安塬乡
和睦边缘,和江社区
库珀边缘,和湖片区
新月边缘,和湾园区
柏树边缘,和岭开发区
爱默生边缘,和山工业园区
万年青边缘,和河商务区
锦绣边缘,和泉居住区
花环边缘,和港科技园
哈密尔顿边缘,和洲生态区
霍桑边缘,和城示范区
铁杉边缘,和关区
山坡边缘,和坪新区
庄园边缘,和岗街道
草甸边缘,和亭镇
松木边缘,和园乡
报春花边缘,和庄社区
鸦林边缘,和村片区
红木边缘,和埠园区
斯特林边缘,和堡开发区
日落边缘,和坡工业园区
梧桐边缘,和滩商务区
桑顿边缘,和塔居住区
佛蒙特边缘,和林科技园
维多利亚边缘,和台生态区
柳树边缘,和坊示范区
林地边缘,和驿区
船锚田野,和塘新区
山杨田野,和谷街道
秋日田野,和巷镇
巴洛田野,和门乡
贝德福德田野,和堤社区
山毛榉田野,和岸片区
山毛榉木田野,和口园区
鸟歌田野,和洞开发区
黑木田野,和塬工业园区
野蔷薇田野,瑞江商务区
石楠木田野,瑞湖居住区
明水田野,瑞湾科技园
小溪田野,瑞岭生态区
柯立芝田野,瑞山示范区
和睦田野,瑞河区
库珀田野,瑞泉新区
爱默生田野,瑞港街道
万年青田野,瑞洲镇
锦绣田野,瑞城乡
弗洛伦丝田野,瑞关社区
富兰克林田野,瑞坪片区
哈密尔顿田野,瑞岗园区
霍桑田野,瑞亭开发区
石楠田野,瑞园工业园区
国王田野,瑞庄商务区
庄园田野,瑞村居住区
磨坊田野,瑞埠科技园
桑树田野,瑞堡生态区
远景田野,瑞坡示范区
红木田野,瑞滩区
朝阳田野,瑞塔新区
梧桐田野,瑞林街道
桑顿田野,瑞台镇
维多利亚田野,瑞坊乡
艾伯盖特花园,瑞驿社区
秋日花园,瑞塘片区
巴洛花园,瑞谷园区
贝德福德花园,瑞巷开发区
山毛榉木花园,瑞门工业园区
鸟歌花园,瑞堤商务区
黑木花园,瑞岸居住区
石楠木花园,瑞口科技园
明水花园,瑞洞生态区
广阔花园,瑞塬示范区
雪松花园,景江区
栗树花园,景湖新区
爱默生花园,景湾街道
帝国花园,景岭镇
万年青花园,景山乡
锦绣花园,景河社区
弗洛伦丝花园,景泉片区
格林花园,景港园区
树林花园,景洲开发区
哈密尔顿花园,景城工业园区
霍桑花园,景关商务区
高处花园,景坪居住区
高地花园,景岗科技园
山坡花园,景亭生态区
草甸花园,景园示范区
磨坊花园,景庄区
桃金娘花园,景村新区
公园花园,景埠街道
珍珠花园,景堡镇
松木花园,景坡乡
报春花花园,景滩社区
鸦林花园,景塔片区
红木花园,景林园区
春日花园,景台开发区
斯特林花园,景坊工业园区
朝阳花园,景驿商务区
日出花园,景塘居住区
日落花园,景谷科技园
梧桐花园,景巷生态区
桑顿花园,景门示范区
峡谷花园,景堤区
佛蒙特花园,景岸新区
柳树花园,景口街道
弓手林荫,景洞镇
巴洛林荫,景塬乡
贝德福德林荫,望江社区
鸟歌林荫,望湖片区
明水林荫,望湾园区
柯立芝林荫,望岭开发区
库珀林荫,望山工业园区
黑鸟林荫,望河商务区
黑木林荫,望泉居住区
爱默生林荫,望港科技园
帝国林荫,望洲生态区
锦绣林荫,望城示范区
富兰克林林荫,望关区
哈密尔顿林荫,望坪新区
霍桑林荫,望岗街道
高地林荫,望亭镇
常春藤林荫,望园乡
庄园林荫,望庄社区
月光林荫,望村片区
帕尔默林荫,望埠园区
帕克林荫,望堡开发区
谢菲尔德林荫,望坡工业园区
薛帕德林荫,望滩商务区
管家林荫,望塔居住区
日落林荫,望林科技园
维多利亚林荫,望台生态区
华盛顿林荫,望坊示范区
巴洛峡谷,望驿区
贝德福德峡谷,望塘新区
山毛榉木峡谷,望谷街道
鸟歌峡谷,望巷镇
黑鸟峡谷,望门乡
黑木峡谷,望堤社区
明水峡谷,望岸片区
切斯特峡谷,望口园区
栗树峡谷,望洞开发区
柯立芝峡谷,望塬工业园区
库珀峡谷,晴江商务区
伊丽莎白峡谷,晴湖居住区
爱默生峡谷,晴湾科技园
富兰克林峡谷,晴岭生态区
加内特峡谷,晴山示范区
哈密尔顿峡谷,晴河区
霍桑峡谷,晴泉新区
石楠峡谷,晴港街道
庄园峡谷,晴洲镇
摩尔峡谷,晴城乡
帕尔默峡谷,晴关社区
帕克峡谷,晴坪片区
松木峡谷,晴岗园区
报春花峡谷,晴亭开发区
鸦林峡谷,晴园工业园区
红木峡谷,晴庄商务区
谢菲尔德峡谷,晴村居住区
薛帕德峡谷,晴埠科技园
斯特林峡谷,晴堡生态区
管家峡谷,晴坡示范区
梧桐峡谷,晴滩区
维多利亚峡谷,晴塔新区
柳树峡谷,晴林街道
林地峡谷,晴台镇
秋日树林,晴坊乡
巴洛树林,晴驿社区
贝德福德树林,晴塘片区
山毛榉树林,晴谷园区
山毛榉木树林,晴巷开发区
鸟歌树林,晴门工业园区
黑木树林,晴堤商务区
石楠木树林,晴岸居住区
明水树林,晴口科技园
栗树树林,晴洞生态区
柯立芝树林,晴塬示范区
新月树林,云江区
柏树树林,云湖新区
麋鹿树林,云湾街道
爱默生树林,云岭镇
万年青树林,云山乡
锦绣树林,云河社区
加内特树林,云泉片区
哈密尔顿树林,云港园区
霍桑树林,云洲开发区
铁杉树林,云城工业园区
月桂树林,云关商务区
麦迪逊树林,云坪居住区
庄园树林,云岗科技园
枫树树林,云亭生态区
磨坊树林,云园示范区
月光树林,云庄区
桑树树林,云村新区
松木树林,云埠街道
鸦林树林,云堡镇
红木树林,云坡乡
斯特林树林,云滩社区
朝阳树林,云塔片区
日落树林,云林园区
梧桐树林,云台开发区
维多利亚树林,云坊工业园区
船锚交叉口,云驿商务区
艾伯盖特交叉口,云塘居住区
秋日交叉口,云谷科技园
巴洛交叉口,云巷生态区
贝德福德交叉口,云门示范区
山毛榉木交叉口,云堤区
鸟歌交叉口,云岸新区
黑木交叉口,云口街道
辅助交叉口,云洞镇
石楠木交叉口,云塬乡
明水交叉口,松江社区
管家交叉口,松湖片区
雪松交叉口,松湾园区
栗树交叉口,松岭开发区
柯立芝交叉口,松山工业园区
和睦交叉口,松河商务区
库珀交叉口,松泉居住区
新月交叉口,松港科技园
柏树交叉口,松洲生态区
伊丽莎白交叉口,松城示范区
麋鹿交叉口,松关区
爱默生交叉口,松坪新区
帝国交叉口,松岗街道
锦绣交叉口,松亭镇
弗洛伦丝交叉口,松园乡
富兰克林交叉口,松庄社区
加内特交叉口,松村片区
哈密尔顿交叉口,松埠园区
霍桑交叉口,松堡开发区
石楠交叉口,松坡工业园区
山胡桃木交叉口,松滩商务区
常春藤交叉口,松塔居住区
月桂交叉口,松林科技园
椴树交叉口,松台生态区
麦迪逊交叉口,松坊示范区
庄园交叉口,松驿区
枫树交叉口,松塘新区
摩尔交叉口,松谷街道
松树交叉口,松巷镇
松木交叉口,松门乡
白杨交叉口,松堤社区
报春花交叉口,松岸片区
红木交叉口,松口园区
斯特林交叉口,松洞开发区
朝阳交叉口,松塬工业园区
梧桐交叉口,桂江商务区
山下交叉口,桂湖居住区
胡桃木交叉口,桂湾科技园
柳树交叉口,桂岭生态区
山杨磨坊,桂山示范区
秋日磨坊,桂河区
巴洛磨坊,桂泉新区
贝德福德磨坊,桂港街道
山毛榉木磨坊,桂洲镇
鸟歌磨坊,桂城乡
黑木磨坊,桂关社区
野蔷薇磨坊,桂坪片区
石楠木磨坊,桂岗园区
明水磨坊,桂亭开发区
雪松磨坊,桂园工业园区
栗树磨坊,桂庄商务区
柯立芝磨坊,桂村居住区
和睦磨坊,桂埠科技园
库珀磨坊,桂堡生态区
桑顿磨坊,桂坡示范区
维多利亚磨坊,桂滩区
山毛榉公园,桂塔新区
广阔公园,桂林街道
雪松公园,桂台镇
樱桃公园,桂坊乡
格林公园,桂驿社区
树林公园,桂塘片区
高处公园,桂谷园区
高地公园,桂巷开发区
山坡公园,桂门工业园区
枫树公园,桂堤商务区
草甸公园,桂岸居住区
磨坊公园,桂口科技园
桃金娘公园,桂洞生态区
珍珠公园,桂塬示范区
春日公园,梅江区
云杉公园,梅湖新区
日落公园,梅湾街道
峡谷公园,梅岭镇
胡桃木公园,梅山乡
公园公园,梅河社区
船锚山顶,梅泉片区
秋日山顶,梅港园区
巴洛山顶,梅洲开发区
山毛榉木山顶,梅城工业园区
鸟歌山顶,梅关商务区
管家山顶,梅坪居住区
雪松山顶,梅岗科技园
切斯特山顶,梅亭生态区
栗树山顶,梅园示范区
柯立芝山顶,梅庄区
新月山顶,梅村新区
柏树山顶,梅埠街道
爱默生山顶,梅堡镇
弗洛伦丝山顶,梅坡乡
格林山顶,梅滩社区
霍桑山顶,梅塔片区
石楠山顶,梅林园区
高地山顶,梅台开发区
常春藤山顶,梅坊工业园区
庄园山顶,梅驿商务区
枫树山顶,梅塘居住区
桑树山顶,梅谷科技园
果园山顶,梅巷生态区
松木山顶,梅门示范区
红木山顶,梅堤区
日落山顶,梅岸新区
日出山顶,梅口街道
梧桐山顶,梅洞镇
桑顿山顶,梅塬乡
维多利亚山顶,兰江社区
柳树山顶,兰湖片区
黑木山顶,兰湾园区
黑鸟山顶,兰岭开发区
薛帕德山顶,兰山工业园区
船锚山岭,兰河商务区
秋日山岭,兰泉居住区
巴洛山岭,兰港科技园
贝德福德山岭,兰洲生态区
山毛榉木山岭,兰城示范区
鸟歌山岭,兰关区
野蔷薇山岭,兰坪新区
石楠木山岭,兰岗街道
明水山岭,兰亭镇
管家山岭,兰园乡
新月山岭,兰庄社区
麋鹿山岭,兰村片区
榆树山岭,兰埠园区
爱默生山岭,兰堡开发区
万年青山岭,兰坡工业园区
锦绣山岭,兰滩商务区
花环山岭,兰塔居住区
霍桑山岭,兰林科技园
石楠山岭,兰台生态区
月桂山岭,兰坊示范区
枫树山岭,兰驿区
桃金娘山岭,兰塘新区
松木山岭,兰谷街道
红木山岭,兰巷镇
日落山岭,兰门乡
日出山岭,兰堤社区
棕土山岭,兰岸片区
胡桃木山岭,兰口园区
黑木山岭,兰洞开发区
薛帕德山岭,兰塬工业园区
山杨广场,桃江商务区
弓手广场,桃湖居住区
贝德福德广场,桃湾科技园
山毛榉木广场,桃岭生态区
鸟歌广场,桃山示范区
明水广场,桃河区
雪松广场,桃泉新区
切斯特广场,桃港街道
爱默生广场,桃洲镇
万年青广场,桃城乡
富兰克林广场,桃关社区
哈密尔顿广场,桃坪片区
霍桑广场,桃岗园区
肯特广场,桃亭开发区
枫树广场,桃园工业园区
月光广场,桃庄商务区
果园广场,桃村居住区
帕尔默广场,桃埠科技园
松树广场,桃堡生态区
白杨广场,桃坡示范区
报春花广场,桃滩区
红木广场,桃塔新区
谢菲尔德广场,桃林街道
斯特林广场,桃台镇
日出广场,桃坊乡
佛蒙特广场,桃驿社区
维多利亚广场,桃塘片区
华盛顿广场,桃谷园区
柳树广场,桃巷开发区
山毛榉镇,桃门工业园区
樱桃镇,桃堤商务区
树林镇,桃岸居住区
高地镇,桃口科技园
山坡镇,桃洞生态区
草甸镇,桃塬示范区
橡树镇,梧江区
春日镇,梧湖新区
云杉镇,梧湾街道
日落镇,梧岭镇
峡谷镇,梧山乡
胡桃木镇,梧河社区
黑木镇,梧泉片区
红木镇,梧港园区
红杉镇,梧洲开发区
锦绣镇,梧城工业园区
枫树镇,梧关商务区
公园镇,梧坪居住区
报春花镇,梧岗科技园
梧桐镇,梧亭生态区
艾伯盖特台地,梧园示范区
弓手台地,梧庄区
秋日台地,梧村新区
巴洛台地,梧埠街道
贝德福德台地,梧堡镇
山毛榉木台地,梧坡乡
鸟歌台地,梧滩社区
黑鸟台地,梧塔片区
黑木台地,梧林园区
石楠木台地,梧台开发区
明水台地,梧坊工业园区
栗树台地,梧驿商务区
新月台地,梧塘居住区
鹿鸣台地,梧谷科技园
榆树台地,梧巷生态区
爱默生台地,梧门示范区
万年青台地,梧堤区
锦绣台地,梧岸新区
弗洛伦丝台地,梧口街道
富兰克林台地,梧洞镇
花环台地,梧塬乡
加内特台地,柳江社区
哈密尔顿台地,柳湖片区
霍桑台地,柳湾园区
山坡台地,柳岭开发区
常春藤台地,柳山工业园区
麦迪逊台地,柳河商务区
木兰台地,柳泉居住区
磨坊台地,柳港科技园
摩尔台地,柳洲生态区
桑树台地,柳城示范区
帕克台地,柳关区
松木台地,柳坪新区
报春花台地,柳岗街道
红木台地,柳亭镇
谢菲尔德台地,柳园乡
春日台地,柳庄社区
斯特林台地,柳村片区
朝阳台地,柳埠园区
日落台地,柳堡开发区
桑顿台地,柳坡工业园区
维多利亚台地,柳滩商务区
柳树台地,柳塔居住区
山杨景域,柳林科技园
山毛榉木景域,柳台生态区
鸟歌景域,柳坊示范区
明水景域,柳驿区
切斯特景域,柳塘新区
栗树景域,柳谷街道
柯立芝景域,柳巷镇
库珀景域,柳门乡
新月景域,柳堤社区
黑鸟景域,柳岸片区
霍桑景域,柳口园区
高地景域,柳洞开发区
山坡景域,柳塬工业园区
月光景域,竹江商务区
果园景域,竹湖居住区
松木景域,竹湾科技园
白杨景域,竹岭生态区
报春花景域,竹山示范区
薛帕德景域,竹河区
朝阳景域,竹泉新区
船锚路,竹港街道
山杨路,竹洲镇
巴洛路,竹城乡
贝德福德路,竹关社区
山毛榉木路,竹坪片区
鸟歌路,竹岗园区
黑木路,竹亭开发区
石楠木路,竹园工业园区
明水路,竹庄商务区
雪松路,竹村居住区
柯立芝路,竹埠科技园
和睦路,竹堡生态区
爱默生路,竹坡示范区
万年青路,竹滩区
花环路,竹塔新区
哈密尔顿路,竹林街道
霍桑路,竹台镇
石楠路,竹坊乡
高地路,竹驿社区
山坡路,竹塘片区
月桂路,竹谷园区
椴树路,竹巷开发区
麦迪逊路,竹门工业园区
庄园路,竹堤商务区
磨坊路,竹岸居住区
桑树路,竹口科技园
果园路,竹洞生态区
帕尔默路,竹塬示范区
珍珠路,翠江区
松木路,翠湖新区
白杨路,翠湾街道
报春花路,翠岭镇
远景路,翠山乡
红木路,翠河社区
薛帕德路,翠泉片区
斯特林路,翠港园区
峡谷路,翠洲开发区
佛蒙特路,翠城工业园区
维多利亚路,翠关商务区
胡桃木路,翠坪居住区
林地路,翠岗科技园
船锚泉,翠亭生态区
弓手泉,翠园示范区
山杨泉,翠庄区
秋日泉,翠村新区
巴洛泉,翠埠街道
贝德福德泉,翠堡镇
山毛榉木泉,翠坡乡
桦木泉,翠滩社区
鸟歌泉,翠塔片区
黑鸟泉,翠林园区
黑木泉,翠台开发区
野蔷薇泉,翠坊工业园区
石楠木泉,翠驿商务区
明水泉,翠塘居住区
广阔泉,翠谷科技园
雪松泉,翠巷生态区
樱桃泉,翠门示范区
栗树泉,翠堤区
柯立芝泉,翠岸新区
和睦泉,翠口街道
库珀泉,翠洞镇
新月泉,翠塬乡
柏树泉,锦江社区
麋鹿泉,锦湖片区
榆树泉,锦湾园区
爱默生泉,锦岭开发区
帝国泉,锦山工业园区
万年青泉,锦河商务区
锦绣泉,锦泉居住区
加内特泉,锦港科技园
格林泉,锦洲生态区
树林泉,锦城示范区
霍桑泉,锦关区
石楠泉,锦坪新区
山胡桃木泉,锦岗街道
高地泉,锦亭镇
山坡泉,锦园乡
冬青泉,锦庄社区
常春藤泉,锦村片区
月桂泉,锦埠园区
丁香泉,锦堡开发区
椴树泉,锦坡工业园区
麦迪逊泉,锦滩商务区
枫树泉,锦塔居住区
磨坊泉,锦林科技园
月光泉,锦台生态区
桑树泉,锦坊示范区
桃金娘泉,锦驿区
橡树泉,锦塘新区
果园泉,锦谷街道
帕尔默泉,锦巷镇
帕克泉,锦门乡
松木泉,锦堤社区
报春花泉,锦岸片区
鸦林泉,锦口园区
红木泉,锦洞开发区
谢菲尔德泉,锦塬工业园区
斯特林泉,金江商务区
顶峰泉,金湖居住区
朝阳泉,金湾科技园
日出泉,金岭生态区
日落泉,金山示范区
梧桐泉,金河区
桑顿泉,金泉新区
佛蒙特泉,金港街道
维多利亚泉,金洲镇
柳树泉,金城乡
山杨绿地,金关社区
秋日绿地,金坪片区
弓手绿地,金岗园区
贝德福德绿地,金亭开发区
山毛榉木绿地,金园工业园区
鸟歌绿地,金庄商务区
明水绿地,金村居住区
库珀绿地,金埠科技园
黑鸟绿地,金堡生态区
黑木绿地,金坡示范区
伊丽莎白绿地,金滩区
爱默生绿地,金塔新区
帝国绿地,金林街道
万年青绿地,金台镇
锦绣绿地,金坊乡
霍桑绿地,金驿社区
丁香绿地,金塘片区
麦迪逊绿地,金谷园区
月光绿地,金巷开发区
桑树绿地,金门工业园区
帕尔默绿地,金堤商务区
帕克绿地,金岸居住区
红木绿地,金口科技园
斯特林绿地,金洞生态区
维多利亚绿地,金塬示范区
山杨岗,银江区
弓手岗,银湖新区
贝德福德岗,银湾街道
山毛榉木岗,银岭镇
鸟歌岗,银山乡
石楠木岗,银河社区
明水岗,银泉片区
黑鸟岗,银港园区
黑木岗,银洲开发区
麋鹿岗,银城工业园区
榆树岗,银关商务区
爱默生岗,银坪居住区
万年青岗,银岗科技园
锦绣岗,银亭生态区
富兰克林岗,银园示范区
花环岗,银庄区
加内特岗,银村新区
霍桑岗,银埠街道
麦迪逊岗,银堡镇
庄园岗,银坡乡
摩尔岗,银滩社区
帕尔默岗,银塔片区
帕克岗,银林园区
报春花岗,银台开发区
红木岗,银坊工业园区
薛帕德岗,银驿商务区
斯特林岗,银塘居住区
日出岗,银谷科技园
日落岗,银巷生态区
维多利亚岗,银门示范区
胡桃木岗,银堤区
华盛顿岗,银岸新区
柳树岗,银口街道
山杨农场,银洞镇
秋日农场,银塬乡
巴洛农场,玉江社区
贝德福德农场,玉湖片区
山毛榉木农场,玉湾园区
鸟歌农场,玉岭开发区
石楠木农场,玉山工业园区
明水农场,玉河商务区
雪松农场,玉泉居住区
切斯特农场,玉港科技园
栗树农场,玉洲生态区
柯立芝农场,玉城示范区
库珀农场,玉关区
新月农场,玉坪新区
黑鸟农场,玉岗街道
黑木农场,玉亭镇
爱默生农场,玉园乡
万年青农场,玉庄社区
锦绣农场,玉村片区
花环农场,玉埠园区
哈密尔顿农场,玉堡开发区
霍桑农场,玉坡工业园区
石楠农场,玉滩商务区
冬青农场,玉塔居住区
月桂农场,玉林科技园
摩尔农场,玉台生态区
桃金娘农场,玉坊示范区
帕尔默农场,玉驿区
帕克农场,玉塘新区
松木农场,玉谷街道
报春花农场,玉巷镇
鸦林农场,玉门乡
红木农场,玉堤社区
谢菲尔德农场,玉岸片区
斯特林农场,玉口园区
维多利亚农场,玉洞开发区
柳树农场,玉塬工业园区
