官译_女姓,官译_家族姓,官译_男姓,你的翻译_女姓,你的翻译_家族姓,你的翻译_男姓
安布罗斯,安布罗斯一家,安布罗斯,王,王家,王
安德森,安德森一家,安德森,李,李家,李
博蒙特,博蒙特一家,博蒙特,张,张家,张
卡朋特,卡朋特一家,卡朋特,刘,刘家,刘
卡特,卡特一家,卡特,陈,陈家,陈
卡斯蒂尔,卡斯蒂尔一家,卡斯蒂尔,杨,杨家,杨
钱伯斯,钱伯斯一家,钱伯斯,黄,黄家,黄
查普曼,查普曼一家,查普曼,赵,赵家,赵
科普兰,科普兰一家,科普兰,周,周家,周
科克,科克一家,科克,吴,吴家,吴
克罗斯比,克罗斯比一家,克罗斯比,徐,徐家,徐
达比,达比一家,达比,孙,孙家,孙
德拉罗萨,德拉罗萨一家,德拉罗萨,胡,胡家,胡
丹尼,丹尼一家,丹尼,朱,朱家,朱
戴弗洛,戴弗洛一家,戴弗洛,高,高家,高
杜威,杜威一家,杜威,林,林家,林
迪亚兹,迪亚兹一家,迪亚兹,何,何家,何
杜伊,杜伊一家,杜伊,郭,郭家,郭
达勒姆,达勒姆一家,达勒姆,马,马家,马
伊斯顿,伊斯顿一家,伊斯顿,罗,罗家,罗
爱默生,爱默生一家,爱默生,梁,梁家,梁
埃里克森,埃里克森一家,埃里克森,宋,宋家,宋
埃斯皮诺扎,埃斯皮诺扎一家,埃斯皮诺扎,郑,郑家,郑
埃斯特拉达,埃斯特拉达一家,埃斯特拉达,谢,谢家,谢
埃文斯,埃文斯一家,埃文斯,韩,韩家,韩
法利,法利一家,法利,唐,唐家,唐
法拉,法拉一家,法拉,冯,冯家,冯
菲尔兹,菲尔兹一家,菲尔兹,于,于家,于
福克斯,福克斯一家,福克斯,董,董家,董
加纳,加纳一家,加纳,萧,萧家,萧
吉布斯,吉布斯一家,吉布斯,程,程家,程
格洛弗,格洛弗一家,格洛弗,曹,曹家,曹
古德曼,古德曼一家,古德曼,袁,袁家,袁
古尔德,古尔德一家,古尔德,邓,邓家,邓
格林,格林一家,格林,许,许家,许
哈德利,哈德利一家,哈德利,傅,傅家,傅
海利,海利一家,海利,沈,沈家,沈
汉密尔顿,汉密尔顿一家,汉密尔顿,曾,曾家,曾
哈丁,哈丁一家,哈丁,彭,彭家,彭
哈雷,哈雷一家,哈雷,吕,吕家,吕
哈珀,哈珀一家,哈珀,苏,苏家,苏
哈灵顿,哈灵顿一家,哈灵顿,卢,卢家,卢
轩尼诗,轩尼诗一家,轩尼诗,蒋,蒋家,蒋
希金斯,希金斯一家,希金斯,蔡,蔡家,蔡
霍奇斯,霍奇斯一家,霍奇斯,丁,丁家,丁
霍利斯,霍利斯一家,霍利斯,魏,魏家,魏
霍洛韦,霍洛韦一家,霍洛韦,薛,薛家,薛
胡珀,胡珀一家,胡珀,叶,叶家,叶
霍普金斯,霍普金斯一家,霍普金斯,阎,阎家,阎
哈钦森,哈钦森一家,哈钦森,余,余家,余
詹宁斯,詹宁斯一家,詹宁斯,潘,潘家,潘
约翰逊,约翰逊一家,约翰逊,杜,杜家,杜
基顿,基顿一家,基顿,戴,戴家,戴
济慈,济慈一家,济慈,夏,夏家,夏
凯勒,凯勒一家,凯勒,钟,钟家,钟
肯德尔,肯德尔一家,肯德尔,汪,汪家,汪
肯辛顿,肯辛顿一家,肯辛顿,田,田家,田
金斯利,金斯利一家,金斯利,任,任家,任
兰德里,兰德里一家,兰德里,姜,姜家,姜
拉尔森,拉尔森一家,拉尔森,范,范家,范
梅特兰,梅特兰一家,梅特兰,方,方家,方
马利,马利一家,马利,石,石家,石
马奎特,马奎特一家,马奎特,姚,姚家,姚
马丁,马丁一家,马丁,谭,谭家,谭
梅森,梅森一家,梅森,廖,廖家,廖
麦考伊,麦考伊一家,麦考伊,邹,邹家,邹
美林,美林一家,美林,熊,熊家,熊
米勒,米勒一家,米勒,金,金家,金
米尔斯,米尔斯一家,米尔斯,陆,陆家,陆
蒙托亚,蒙托亚一家,蒙托亚,郝,郝家,郝
摩尔,摩尔一家,摩尔,孔,孔家,孔
莫拉莱斯,莫拉莱斯一家,莫拉莱斯,白,白家,白
莫雷诺,莫雷诺一家,莫雷诺,崔,崔家,崔
摩根,摩根一家,摩根,康,康家,康
莫里森,莫里森一家,莫里森,毛,毛家,毛
莫斯利,莫斯利一家,莫斯利,邱,邱家,邱
穆林斯,穆林斯一家,穆林斯,秦,秦家,秦
莫尔比,莫尔比一家,莫尔比,江,江家,江
默里,默里一家,默里,史,史家,史
尼科尔斯,尼科尔斯一家,尼科尔斯,顾,顾家,顾
尼科尔森,尼科尔森一家,尼科尔森,侯,侯家,侯
诺博,诺博一家,诺博,邢,邢家,邢
诺里斯,诺里斯一家,诺里斯,孟,孟家,孟
诺斯,诺斯一家,诺斯,龙,龙家,龙
奥克斯,奥克斯一家,奥克斯,万,万家,万
奥尔特加,奥尔特加一家,奥尔特加,段,段家,段
佩奇,佩奇一家,佩奇,雷,雷家,雷
派克,派克一家,派克,钱,钱家,钱
帕森斯,帕森斯一家,帕森斯,汤,汤家,汤
巴顿,巴顿一家,巴顿,尹,尹家,尹
帕克斯顿,帕克斯顿一家,帕克斯顿,黎,黎家,黎
皮尔森,皮尔森一家,皮尔森,易,易家,易
珀金斯,珀金斯一家,珀金斯,常,常家,常
菲尔普斯,菲尔普斯一家,菲尔普斯,武,武家,武
皮尔斯,皮尔斯一家,皮尔斯,乔,乔家,乔
佩珀,佩珀一家,佩珀,贺,贺家,贺
普伦蒂斯,普伦蒂斯一家,普伦蒂斯,赖,赖家,赖
波特,波特一家,波特,龚,龚家,龚
普莱斯,普莱斯一家,普莱斯,文,文家,文
昆兰,昆兰一家,昆兰,严,严家,严
奎因,奎因一家,奎因,倪,倪家,倪
罗利,罗利一家,罗利,卫,卫家,卫
拉姆齐,拉姆齐一家,拉姆齐,施,施家,施
里斯,里斯一家,里斯,牛,牛家,牛
赖利,赖利一家,赖利,童,童家,童
理查德森,理查德森一家,理查德森,颜,颜家,颜
莱德利,莱德利一家,莱德利,洪,洪家,洪
莱利,莱利一家,莱利,邵,邵家,邵
里瓦斯,里瓦斯一家,里瓦斯,贾,贾家,贾
罗宾斯,罗宾斯一家,罗宾斯,连,连家,连
洛加斯,洛加斯一家,洛加斯,殷,殷家,殷
罗萨雷斯,罗萨雷斯一家,罗萨雷斯,包,包家,包
萨拉扎,萨拉扎一家,萨拉扎,齐,齐家,齐
桑德斯,桑德斯一家,桑德斯,柯,柯家,柯
索耶尔,索耶尔一家,索耶尔,简,简家,简
赛拉诺,赛拉诺一家,赛拉诺,闵,闵家,闵
谢尔白,谢尔白一家,谢尔白,佟,佟家,佟
谢丽,谢丽一家,谢丽,向,向家,向
薛帕德,薛帕德一家,薛帕德,屈,屈家,屈
谢丽丹,谢丽丹一家,谢丽丹,纪,纪家,纪
斯雷特,斯雷特一家,斯雷特,尚,尚家,尚
史密斯,史密斯一家,史密斯,毕,毕家,毕
史蒂芬森,史蒂芬森一家,史蒂芬森,凌,凌家,凌
桑莫斯,桑莫斯一家,桑莫斯,喻,喻家,喻
斯万森,斯万森一家,斯万森,梅,梅家,梅
坦纳,坦纳一家,坦纳,饶,饶家,饶
泰勒,泰勒一家,泰勒,谷,谷家,谷
撒切尔,撒切尔一家,撒切尔,成,成家,成
托雷斯,托雷斯一家,托雷斯,岳,岳家,岳
特雷霍,特雷霍一家,特雷霍,单,单家,单
崔尔比,崔尔比一家,崔尔比,申,申家,申
塔克,塔克一家,塔克,佘,佘家,佘
委拉斯开兹,委拉斯开兹一家,委拉斯开兹,阮,阮家,阮
华莱士,华莱士一家,华莱士,欧阳,欧阳家,欧阳
沃茨,沃茨一家,沃茨,司马,司马家,司马
维泽里,维泽里一家,维泽里,上官,上官家,上官
维沃尔,维沃尔一家,维沃尔,司徒,司徒家,司徒
惠特克,惠特克一家,惠特克,夏侯,夏侯家,夏侯
威尔金斯,威尔金斯一家,威尔金斯,东方,东方家,东方
雅德利,雅德利一家,雅德利,诸葛,诸葛家,诸葛
耶茨,耶茨一家,耶茨,欧,欧家,欧
