官译_巷名,官译_公路名,官译_街名,你的翻译_巷名,你的翻译_公路名,你的翻译_街名
和睦巷,和睦公路,和睦街,外达巷,外达高速,外达路
船锚巷,船锚公路,船锚街,高新巷,高新高速,高新路
艾伯盖特巷,艾伯盖特公路,艾伯盖特街,成就巷,成就高速,成就路
山杨巷,山杨公路,山杨街,育德巷,育德高速,育德路
秋日巷,秋日公路,秋日街,东升巷,东升高速,东升路
巴洛巷,巴洛公路,巴洛街,茉莉巷,茉莉高速,茉莉路
贝德福德巷,贝德福德公路,贝德福德街,荣耀巷,荣耀高速,荣耀路
山毛榉巷,山毛榉公路,山毛榉街,丹霞巷,丹霞高速,丹霞路
山毛榉木巷,山毛榉木公路,山毛榉木街,花城巷,花城高速,花城路
贝尔蒙特巷,贝尔蒙特公路,贝尔蒙特街,建设巷,建设高速,建设路
桦木巷,桦木公路,桦木街,卓越巷,卓越高速,卓越路
鸟歌巷,鸟歌公路,鸟歌街,航空巷,航空高速,航空路
野蔷薇巷,野蔷薇公路,野蔷薇街,夏荫巷,夏荫高速,夏荫路
石楠木巷,石楠木公路,石楠木街,竹溪巷,竹溪高速,竹溪路
广阔巷,广阔公路,广阔街,银滩巷,银滩高速,银滩路
小溪巷,小溪公路,小溪街,凤凰巷,凤凰高速,凤凰路
管家巷,管家公路,管家街,牡丹巷,牡丹高速,牡丹路
雪松巷,雪松公路,雪松街,春晖巷,春晖高速,春晖路
樱桃巷,樱桃公路,樱桃街,古城巷,古城高速,古城路
切斯特巷,切斯特公路,切斯特街,港务巷,港务高速,港务路
栗树巷,栗树公路,栗树街,风和巷,风和高速,风和路
柯立芝巷,柯立芝公路,柯立芝街,广安巷,广安高速,广安路
和睦巷,和睦公路,和睦街,商业巷,商业高速,商业路
库珀巷,库珀公路,库珀街,新城巷,新城高速,新城路
安逸巷,安逸公路,安逸街,奋斗巷,奋斗高速,奋斗路
新月巷,新月公路,新月街,中和巷,中和高速,中和路
山峰巷,山峰公路,山峰街,富民巷,富民高速,富民路
柏树巷,柏树公路,柏树街,创业巷,创业高速,创业路
水仙巷,水仙公路,水仙街,人民巷,人民高速,人民路
溪谷巷,溪谷公路,溪谷街,法桐巷,法桐高速,法桐路
迪安巷,迪安公路,迪安街,鹿鸣巷,鹿鸣高速,鹿鸣路
伊丽莎白巷,伊丽莎白公路,伊丽莎白街,荷塘巷,荷塘高速,荷塘路
麋鹿巷,麋鹿公路,麋鹿街,江城巷,江城高速,江城路
榆树巷,榆树公路,榆树街,摘星巷,摘星高速,摘星路
爱默生巷,爱默生公路,爱默生街,武英巷,武英高速,武英路
帝国巷,帝国公路,帝国街,鹤鸣巷,鹤鸣高速,鹤鸣路
万年青巷,万年青公路,万年青街,物流巷,物流高速,物流路
锦绣巷,锦绣公路,锦绣街,露华巷,露华高速,露华路
小鹿巷,小鹿公路,小鹿街,善良巷,善良高速,善良路
弗洛伦丝巷,弗洛伦丝公路,弗洛伦丝街,诚信巷,诚信高速,诚信路
多雾巷,多雾公路,多雾街,高山巷,高山高速,高山路
弗雷斯特巷,弗雷斯特公路,弗雷斯特街,国槐巷,国槐高速,国槐路
富兰克林巷,富兰克林公路,富兰克林街,拼搏巷,拼搏高速,拼搏路
花环巷,花环公路,花环街,烟柳巷,烟柳高速,烟柳路
加内特巷,加内特公路,加内特街,建国巷,建国高速,建国路
林荫巷,林荫公路,林荫街,麟阁巷,麟阁高速,麟阁路
格林巷,格林公路,格林街,羊城巷,羊城高速,羊城路
树林巷,树林公路,树林街,湖城巷,湖城高速,湖城路
哈密尔顿巷,哈密尔顿公路,哈密尔顿街,康泰巷,康泰高速,康泰路
霍桑巷,霍桑公路,霍桑街,榕城巷,榕城高速,榕城路
石楠巷,石楠公路,石楠街,复兴巷,复兴高速,复兴路
铁杉巷,铁杉公路,铁杉街,北眺巷,北眺高速,北眺路
山胡桃木巷,山胡桃木公路,山胡桃木街,永安巷,永安高速,永安路
高处巷,高处公路,高处街,香樟巷,香樟高速,香樟路
高地巷,高地公路,高地街,团结巷,团结高速,团结路
山坡巷,山坡公路,山坡街,白杨巷,白杨高速,白杨路
冬青巷,冬青公路,冬青街,望海巷,望海高速,望海路
常春藤巷,常春藤公路,常春藤街,新区巷,新区高速,新区路
肯特巷,肯特公路,肯特街,自由巷,自由高速,自由路
国王巷,国王公路,国王街,解放巷,解放高速,解放路
拉斐特巷,拉斐特公路,拉斐特街,狮子巷,狮子高速,狮子路
湖巷,湖公路,湖街,幸福巷,幸福高速,幸福路
月桂巷,月桂公路,月桂街,燕归巷,燕归高速,燕归路
丁香巷,丁香公路,丁香街,海棠巷,海棠高速,海棠路
椴树巷,椴树公路,椴树街,育才巷,育才高速,育才路
林德伯格巷,林德伯格公路,林德伯格街,圆梦巷,圆梦高速,圆梦路
麦迪逊巷,麦迪逊公路,麦迪逊街,发展巷,发展高速,发展路
木兰巷,木兰公路,木兰街,理想巷,理想高速,理想路
庄园巷,庄园公路,庄园街,繁华巷,繁华高速,繁华路
枫树巷,枫树公路,枫树街,石榴巷,石榴高速,石榴路
草甸巷,草甸公路,草甸街,光明巷,光明高速,光明路
中央巷,中央公路,中央街,翠柏巷,翠柏高速,翠柏路
磨坊巷,磨坊公路,磨坊街,雪峰巷,雪峰高速,雪峰路
摩尔巷,摩尔公路,摩尔街,昌盛巷,昌盛高速,昌盛路
桑树巷,桑树公路,桑树街,超越巷,超越高速,超越路
桃金娘巷,桃金娘公路,桃金娘街,岚影巷,岚影高速,岚影路
橡树巷,橡树公路,橡树街,安宁巷,安宁高速,安宁路
橄榄巷,橄榄公路,橄榄街,长河巷,长河高速,长河路
果园巷,果园公路,果园街,绿地巷,绿地高速,绿地路
东方巷,东方公路,东方街,信息巷,信息高速,信息路
公园巷,公园公路,公园街,麒麟巷,麒麟高速,麒麟路
珍珠巷,珍珠公路,珍珠街,枢纽巷,枢纽高速,枢纽路
松树巷,松树公路,松树街,便民巷,便民高速,便民路
愉悦巷,愉悦公路,愉悦街,彩虹巷,彩虹高速,彩虹路
白杨巷,白杨公路,白杨街,振兴巷,振兴高速,振兴路
报春花巷,报春花公路,报春花街,清风巷,清风高速,清风路
远景巷,远景公路,远景街,乐园巷,乐园高速,乐园路
罗宾巷,罗宾公路,罗宾街,龙门巷,龙门高速,龙门路
红木巷,红木公路,红木街,安民巷,安民高速,安民路
谢菲尔德巷,谢菲尔德公路,谢菲尔德街,未来巷,未来高速,未来路
春日巷,春日公路,春日街,公寓巷,公寓高速,公寓路
云杉巷,云杉公路,云杉街,南望巷,南望高速,南望路
斯特林巷,斯特林公路,斯特林街,崇文巷,崇文高速,崇文路
草莓巷,草莓公路,草莓街,兴隆巷,兴隆高速,兴隆路
顶峰巷,顶峰公路,顶峰街,金田巷,金田高速,金田路
朝阳巷,朝阳公路,朝阳街,雾岭巷,雾岭高速,雾岭路
日落巷,日落公路,日落街,紫气巷,紫气高速,紫气路
梧桐巷,梧桐公路,梧桐街,灿烂巷,灿烂高速,灿烂路
桑顿巷,桑顿公路,桑顿街,内和巷,内和高速,内和路
棕土巷,棕土公路,棕土街,林城巷,林城高速,林城路
山下巷,山下公路,山下街,努力巷,努力高速,努力路
峡谷巷,峡谷公路,峡谷街,桂花巷,桂花高速,桂花路
佛蒙特巷,佛蒙特公路,佛蒙特街,玉带巷,玉带高速,玉带路
维多利亚巷,维多利亚公路,维多利亚街,吉祥巷,吉祥高速,吉祥路
胡桃木巷,胡桃木公路,胡桃木街,繁荣巷,繁荣高速,繁荣路
华盛顿巷,华盛顿公路,华盛顿街,鹏城巷,鹏城高速,鹏城路
柳树巷,柳树公路,柳树街,科技巷,科技高速,科技路
伍德巷,伍德公路,伍德街,别墅巷,别墅高速,别墅路
林地巷,林地公路,林地街,经济巷,经济高速,经济路
阿丽莎巷,阿丽莎公路,艾丽莎街,交通巷,交通高速,交通路
桤木溪巷,桤木溪公路,桤木溪街,和平巷,和平高速,和平路
桤木林巷,桤木林公路,桤木林街,公路巷,公路高速,公路路
琥珀林巷,琥珀林公路,琥珀林街,后福巷,后福高速,后福路
乔木园巷,乔木园公路,乔木园街,明月巷,明月高速,明月路
灰堡巷,灰堡公路,灰堡街,民主巷,民主高速,民主路
艾许福德巷,艾许福德公路,艾许福德街,都市巷,都市高速,都市路
灰脊巷,灰脊公路,灰脊街,共赢巷,共赢高速,共赢路
杨梅巷,杨梅公路,杨梅街,坚持巷,坚持高速,坚持路
观湾巷,观湾公路,观湾街,惠民巷,惠民高速,惠民路
吊钟花巷,吊钟花公路,吊钟花街,太平巷,太平高速,太平路
贝尔伍德巷,贝尔伍德公路,贝尔伍德街,虎山巷,虎山高速,虎山路
桦谷巷,桦谷公路,桦谷街,提升巷,提升高速,提升路
桦林巷,桦林公路,桦林街,利民巷,利民高速,利民路
黑刺李巷,黑刺李公路,黑刺李街,木棉巷,木棉高速,木棉路
风铃巷,风铃公路,风铃街,前进巷,前进高速,前进路
蓝松鸦巷,蓝松鸦公路,蓝松鸦街,信达巷,信达高速,信达路
荆棘林巷,荆棘林公路,荆棘林街,白云巷,白云高速,白云路
野玫田巷,野玫田公路,野玫田街,住宅巷,住宅高速,住宅路
明水巷,明水公路,明水街,骏马巷,骏马高速,骏马路
布鲁克黑文巷,布鲁克黑文公路,布鲁克黑文街,玫瑰巷,玫瑰高速,玫瑰路
溪边巷,溪边公路,溪边街,雨后巷,雨后高速,雨后路
沙棘巷,沙棘公路,沙棘街,虎踞巷,虎踞高速,虎踞路
坎伯威尔巷,坎伯威尔公路,坎伯威尔街,暮色巷,暮色高速,暮色路
卡蜜拉巷,卡蜜拉公路,卡蜜拉街,杏林巷,杏林高速,杏林路
卡拉维巷,卡拉维公路,卡拉维街,银杏巷,银杏高速,银杏路
卡莱尔巷,卡莱尔公路,卡莱尔街,书院巷,书院高速,书院路
城堡山巷,城堡山公路,城堡山街,紫薇巷,紫薇高速,紫薇路
城堡林巷,城堡林公路,城堡林街,临江巷,临江高速,临江路
樱桃谷巷,樱桃谷公路,樱桃谷街,贸易巷,贸易高速,贸易路
肉桂巷,肉桂公路,肉桂街,礼贤巷,礼贤高速,礼贤路
克莱伯恩巷,克莱伯恩公路,克莱伯恩街,兰亭巷,兰亭高速,兰亭路
卵石巷,卵石公路,卵石街,文华巷,文华高速,文华路
冷水巷,冷水公路,冷水街,观澜巷,观澜高速,观澜路
科波菲尔巷,科波菲尔公路,科波菲尔街,翠湖巷,翠湖高速,翠湖路
玉米田巷,玉米田公路,玉米田街,燕舞巷,燕舞高速,燕舞路
矢车菊巷,矢车菊公路,矢车菊街,义正巷,义正高速,义正路
蔓越莓巷,蔓越莓公路,蔓越莓街,成功巷,成功高速,成功路
克兰布鲁克巷,克兰布鲁克公路,克兰布鲁克街,文苑巷,文苑高速,文苑路
克莱斯特伍德巷,克莱斯特伍德公路,克莱斯特伍德街,鹰翔巷,鹰翔高速,鹰翔路
风汇巷,风汇公路,风汇街,仁和巷,仁和高速,仁和路
柏木巷,柏木公路,柏木街,沿湖巷,沿湖高速,沿湖路
雏菊园巷,雏菊园公路,雏菊园街,上德巷,上德高速,上德路
戴文波特巷,戴文波特公路,戴文波特街,永定巷,永定高速,永定路
鹿园巷,鹿园公路,鹿园街,玉泉巷,玉泉高速,玉泉路
鹿林巷,鹿林公路,鹿林街,如意巷,如意高速,如意路
浮木巷,浮木公路,浮木街,红日巷,红日高速,红日路
沙堡巷,沙堡公路,沙堡街,新村巷,新村高速,新村路
东门巷,东门公路,东门街,追梦巷,追梦高速,追梦路
远山巷,远山公路,远山街,富强巷,富强高速,富强路
边水巷,边水公路,边水街,德厚巷,德厚高速,德厚路
榆木林巷,榆木林公路,榆木林街,中心巷,中心高速,中心路
榆林巷,榆林公路,榆林街,家园巷,家园高速,家园路
烬影巷,烬影公路,烬影街,揽月巷,揽月高速,揽月路
隼脊巷,隼脊公路,隼脊街,柏园巷,柏园高速,柏园路
蕨溪巷,蕨溪公路,蕨溪街,金融巷,金融高速,金融路
菲尔德克雷斯特巷,菲尔德克雷斯特公路,菲尔德克雷斯特街,雪夜巷,雪夜高速,雪夜路
菲尔德斯通巷,菲尔德斯通公路,菲尔德斯通街,芍药巷,芍药高速,芍药路
遥湾巷,遥湾公路,遥湾街,青松巷,青松高速,青松路
狐林巷,狐林公路,狐林街,祥瑞巷,祥瑞高速,祥瑞路
冻林巷,冻林公路,冻林街,流云巷,流云高速,流云路
伽登尼亚巷,伽登尼亚公路,伽登尼亚街,雨润巷,雨润高速,雨润路
金枪巷,金枪公路,金枪街,顺达巷,顺达高速,顺达路
绿林巷,绿林公路,绿林街,为民巷,为民高速,为民路
港锦巷,港锦公路,港锦街,成才巷,成才高速,成才路
榛溪巷,榛溪公路,榛溪街,奋进巷,奋进高速,奋进路
榛林巷,榛林公路,榛林街,丁香巷,丁香高速,丁香路
山核桃巷,山核桃公路,山核桃街,冬阳巷,冬阳高速,冬阳路
蜜溪巷,蜜溪公路,蜜溪街,碧波巷,碧波高速,碧波路
金银花巷,金银花公路,金银花街,晚霞巷,晚霞高速,晚霞路
风信子巷,风信子公路,风信子街,秋实巷,秋实高速,秋实路
铁木巷,铁木公路,铁木街,欢乐巷,欢乐高速,欢乐路
茉莉巷,茉莉公路,茉莉街,龙江巷,龙江高速,龙江路
刺柏巷,刺柏公路,刺柏街,育人巷,育人高速,育人路
金斯堡巷,金斯堡公路,金斯堡街,鹰飞巷,鹰飞高速,鹰飞路
君门巷,君门公路,君门街,滨河巷,滨河高速,滨河路
飞燕草巷,飞燕草公路,飞燕草街,老街巷,老街高速,老街路
薰衣草巷,薰衣草公路,薰衣草街,忠诚巷,忠诚高速,忠诚路
乐谷巷,乐谷公路,乐谷街,希望巷,希望高速,希望路
雾林巷,雾林公路,雾林街,铁道巷,铁道高速,铁道路
月花巷,月花公路,月花街,水杉巷,水杉高速,水杉路
苔林巷,苔林公路,苔林街,珠江巷,珠江高速,珠江路
北门巷,北门公路,北门街,庭院巷,庭院高速,庭院路
橡林巷,橡林公路,橡林街,璀璨巷,璀璨高速,璀璨路
远溪巷,远溪公路,远溪街,文明巷,文明高速,文明路
黑核桃巷,黑核桃公路,黑核桃街,广场巷,广场高速,广场路
小石溪巷,小石溪公路,小石溪街,云山巷,云山高速,云山路
松林巷,松林公路,松林街,美德巷,美德高速,美德路
鹌鹑岭巷,鹌鹑岭公路,鹌鹑岭街,流水巷,流水高速,流水路
湖湾巷,湖湾公路,湖湾街,务实巷,务实高速,务实路
玫瑰崖巷,玫瑰崖公路,玫瑰崖街,华贵巷,华贵高速,华贵路
瑰酒巷,瑰酒公路,瑰酒街,青山巷,青山高速,青山路
玫瑰木巷,玫瑰木公路,玫瑰木街,杜鹃巷,杜鹃高速,杜鹃路
海风巷,海风公路,海风街,工业巷,工业高速,工业路
银溪巷,银溪公路,银溪街,友谊巷,友谊高速,友谊路
春谷巷,春谷公路,春谷街,桃源巷,桃源高速,桃源路
萨默菲尔德巷,萨默菲尔德公路,萨默菲尔德街,进步巷,进步高速,进步路
荆棘堡巷,荆棘堡公路,荆棘堡街,花园巷,花园高速,花园路
韦弗里巷,韦弗里公路,韦弗里街,蓝天巷,蓝天高速,蓝天路
白石巷,白石公路,白石街,宣武巷,宣武高速,宣武路
柳溪巷,柳溪公路,柳溪街,大海巷,大海高速,大海路
